<application>
  <component name="GitToolBoxAppSettings2">
    <option name="blameInlayConfig">
      <InlayBlameConfig>
        <option name="shortenToFitViewport" value="true" />
      </InlayBlameConfig>
    </option>
    <option name="blameInlineDateType" value="RELATIVE" />
    <option name="blameInlineShowSubject" value="false" />
    <option name="blameUncommittedChanges" value="false" />
    <option name="decorationParts">
      <list>
        <DecorationPartConfig>
          <option name="prefix" value="- " />
          <option name="type" value="LOCATION" />
        </DecorationPartConfig>
        <DecorationPartConfig>
          <option name="type" value="STATUS" />
        </DecorationPartConfig>
        <DecorationPartConfig>
          <option name="type" value="BRANCH" />
        </DecorationPartConfig>
        <DecorationPartConfig>
          <option name="postfix" value=")" />
          <option name="prefix" value="(" />
          <option name="type" value="TAGS_ON_HEAD" />
        </DecorationPartConfig>
        <DecorationPartConfig>
          <option name="prefix" value="/ " />
          <option name="type" value="CHANGED_COUNT" />
        </DecorationPartConfig>
      </list>
    </option>
    <option name="showBlameWidget" value="false" />
    <option name="showStatusWidget" value="false" />
  </component>
</application>